,Class_Probability,Predicted_Class
DP_007.jpg,2.0653694e-08,0
DP_010.jpg,2.673832e-08,0
DP_012.jpg,1.8319042e-08,0
DP_019.jpg,2.015456e-08,0
DP_027.jpg,2.3231186e-08,0
DP_044.jpg,1.8866405e-08,0
DP_052.jpg,1.928061e-08,0
DP_059.jpg,1.963061e-08,0
DP_064.jpg,1.83675e-08,0
DP_070.jpg,2.0740622e-08,0
DP_072.jpg,1.85469e-08,0
DP_073.jpg,1.9683437e-08,0
DP_111.jpg,2.6974257e-08,0
DP_117.jpg,1.6649546e-08,0
DP_118.jpg,1.5157935e-08,0
DP_131.jpg,1.4599253e-08,0
DP_132.jpg,1.8319042e-08,0
DP_133.jpg,1.587272e-08,0
DP_139.jpg,2.015456e-08,0
DP_144.jpg,1.0143051e-08,0
DP_152.jpg,1.7362721e-08,0
DP_165.jpg,1.5223241e-08,0
DP_170.jpg,1.707542e-08,0
DP_173.jpg,1.6691612e-08,0
DP_178.jpg,1.91702e-08,0
DP_183.jpg,1.9552846e-08,0
DP_193.jpg,1.7622728e-08,0
DP_200.jpg,2.1313053e-08,0
DP_204.jpg,1.8714518e-08,0
DP_236.jpg,2.0872854e-08,0
DP_247.jpg,1.6208332e-08,0
DP_251.jpg,1.7588208e-08,0
DP_256.jpg,1.6473912e-08,0
DP_261.jpg,1.4837108e-08,0
DP_268.jpg,1.4269796e-08,0
DP_278.jpg,1.567368e-08,0
DP_284.jpg,1.6085604e-08,0
DP_304.jpg,2.2735234e-08,0
DP_305.jpg,1.1224808e-08,0
DP_316.jpg,1.4975113e-08,0
DP_323.jpg,1.6360746e-08,0
DP_329.jpg,1.2552643e-08,0
DP_332.jpg,1.7235065e-08,0
DP_337.jpg,1.769565e-08,0
DP_344.jpg,1.8366833e-08,0
DP_350.jpg,1.8625421e-08,0
DP_358.jpg,1.8407865e-08,0
DP_361.jpg,1.8565657e-08,0
DP_362.jpg,2.0980423e-08,0
DP_367.jpg,2.2031836e-08,0
DP_371.jpg,1.876148e-08,0
DP_378.jpg,2.1234861e-08,0
DP_381.jpg,2.0964023e-08,0
DP_383.jpg,2.3207582e-08,0
DP_384.jpg,1.7150002e-08,0
DP_386.jpg,2.2525287e-08,0
DP_388.jpg,2.8504843e-08,0
DP_398.jpg,2.32416e-08,0
DP_409.jpg,1.9968711e-08,0
DP_412.jpg,1.961403e-08,0
DP_417.jpg,2.145855e-08,0
DP_426.jpg,1.862201e-08,0
DP_428.jpg,2.015329e-08,0
DP_429.jpg,1.9359359e-08,0
DP_440.jpg,2.2890484e-08,0
DP_451.jpg,2.442617e-08,0
DP_454.jpg,2.0822196e-08,0
DP_461.jpg,1.7729231e-08,0
DP_474.jpg,1.9657362e-08,0
DP_480.jpg,1.766931e-08,0
DP_489.jpg,2.0037959e-08,0
DP_491.jpg,1.4353873e-08,0
DP_497.jpg,2.4658819e-08,0
DP_502.jpg,1.8449203e-08,0
DP_504.jpg,1.6243801e-08,0
DP_518.jpg,1.3981414e-08,0
DP_525.jpg,1.6140678e-08,0
DP_527.jpg,1.8634838e-08,0
DP_529.jpg,1.4651474e-08,0
DP_531.jpg,1.6575811e-08,0
DP_541.jpg,1.4559821e-08,0
DP_551.jpg,1.8973186e-08,0
DP_565.jpg,1.9464064e-08,0
DP_570.jpg,2.1412474e-08,0
DP_572.jpg,1.9199948e-08,0
DP_573.jpg,1.5121493e-08,0
DP_580.jpg,1.6773761e-08,0
DP_588.jpg,1.9258117e-08,0
DP_602.jpg,1.7216665e-08,0
DP_635.jpg,2.0597438e-08,0
DP_639.jpg,2.1221743e-08,0
DP_640.jpg,2.0092726e-08,0
DP_642.jpg,2.2191381e-08,0
DP_643.jpg,2.1533253e-08,0
DP_650.jpg,1.4961493e-08,0
DP_654.jpg,1.672871e-08,0
DP_657.jpg,1.8081392e-08,0
DP_658.jpg,1.885263e-08,0
DP_671.jpg,1.9066636e-08,0
